Asset Tag,Item Name,Model Name,Next Audit Date,PatTest_Result,Location
255,255,PAR 64,2026-11-08,Pass,4067
277,277,PAR 64,2026-11-08,Pass,4067
264,264,PAR 64,2026-11-08,Pass,4067
363,363,PAR 64,2026-11-08,Pass,4067
339,339,PAR 64,2026-11-08,Pass,4067
266,266,PAR 64,2026-11-08,Pass,4067
314,314,PAR 64,2026-11-08,Pass,4067
251,251,PAR 64,2026-11-08,Pass,4067
321,321,PAR 64,2026-11-08,Pass,4067
284,284,PAR 64,2026-11-08,Pass,4067
3443,3443,13A EXTENSION REEL,2026-18-08,Pass,4067
687,687,ETC SOURCE 4 ZOOM 25-50,2026-11-08,Pass,4067
3220,3220,ETC SOURCE 4 ZOOM 25-50,2026-11-08,Pass,4067
517,517,ETC SOURCE 4 ZOOM 15-30,2026-11-08,Pass,4067
247,247,PAR 64,2026-11-08,Pass,4067
308,308,PAR 64,2026-11-08,Pass,4067
514,514,ETC SOURCE 4 ZOOM 15-30,2026-11-08,Pass,4067
550,550,ETC SOURCE 4 - 19,2026-11-08,Pass,4067
947,947,ETC SOURCE 4 PAR,2026-11-08,Pass,4067
348,348,PAR 64,2026-11-08,Pass,4067
692,692,ETC SOURCE 4 ZOOM 25-50,2026-11-08,Pass,4067
279,279,PAR 64,2026-11-08,Pass,4067
256,256,PAR 64,2026-11-08,Pass,4067
342,342,PAR 64,2026-11-08,Pass,4067
258,258,PAR 64,2026-11-08,Pass,4067
346,346,PAR 64,2026-11-08,Pass,4067
283,283,PAR 64,2026-11-08,Pass,4067
238,238,PAR 64,2026-11-08,Pass,4067
269,269,PAR 64,2026-11-08,Pass,4067
263,263,PAR 64,2026-11-08,Pass,4067
329,329,PAR 64,2026-11-08,Pass,4067
334,334,PAR 64,2026-11-08,Pass,4067
259,259,PAR 64,2026-11-08,Pass,4067
248,248,PAR 64,2026-11-08,Pass,4067
262,262,PAR 64,2026-11-08,Pass,4067
246,246,PAR 64,2026-11-08,Pass,4067
271,271,PAR 64,2026-11-08,Pass,4067
2530,2530,16A > 32A ADAPTER,2026-11-08,Pass,4067
372,372,PAR 64,2026-12-08,Pass,4067
288,288,PAR 64,2026-12-08,Pass,4067
270,270,PAR 64,2026-12-08,Pass,4067
311,311,PAR 64,2026-12-08,Pass,4067
302,302,PAR 64,2026-12-08,Pass,4067
261,261,PAR 64,2026-12-08,Pass,4067
240,240,PAR 64,2026-12-08,Pass,4067
275,275,PAR 64,2026-12-08,Pass,4067
331,331,PAR 64,2026-17-12,Pass,4067
4403,4403,16A > POWERCON ADAPTER,2026-12-08,Pass,4067
4125,4125,16A > POWERCON ADAPTER,2026-12-08,Pass,4067
4759,4759,16A > POWERCON ADAPTER,2026-12-08,Pass,4067
5322,5322,16A > 13A ADAPTER,2026-12-08,Pass,4067
4154,4154,16A > POWERCON ADAPTER,2026-12-08,Pass,4067
5264,5264,16A > POWERCON ADAPTER,2026-12-08,Pass,4067
1515,1515,16A SPLITTER,2026-12-08,Pass,4067
1845,1845,16A SPLITTER,2026-12-08,Pass,4067
2606,2606,16A SPLITTER,2026-12-08,Pass,4067
3333,3333,16A SPLITTER,2026-12-08,Pass,4067
9020,9020,16A > TRUCON ADAPTER,2026-12-08,Pass,4067
4151,4151,16A > TRUCON ADAPTER,2026-12-08,Pass,4067
152,152,TRUCON EXTENSION - 1m,2026-12-08,Pass,4067
289,289,PAR 64,2026-12-08,Pass,4067
531,531,PAR 64,2026-12-08,Pass,4067
293,293,PAR 64,2026-12-08,Pass,4067
319,319,PAR 64,2026-12-08,Pass,4067
1589,1589,16A TRS - 10m,2026-12-08,Pass,4067
1721,1721,16A TRS - 10m,2026-12-08,Pass,4067
2439,2439,16A TRS - 5m,2026-12-08,Pass,4067
2596,2596,16A TRS - 5m,2026-12-08,Pass,4067
1833,1833,16A SPLITTER,2026-12-08,Pass,4067
4796,4796,16A TRS - 2m,2026-12-08,Pass,4067
1880,1880,16A TRS - 1m,2026-12-08,Pass,4067
345,345,PAR 64,2026-12-08,Pass,4067
532,532,PAR 64,2026-12-08,Pass,4067
273,273,PAR 64,2026-12-08,Pass,4067
315,315,PAR 64,2026-12-08,Pass,4067
974,974,PAR 56,2026-12-08,Pass,4067
350,350,PAR 64,2026-12-08,Pass,4067
305,305,PAR 64,2026-12-08,Pass,4067
292,292,PAR 64,2026-12-08,Pass,4067
330,330,PAR 64,2026-12-08,Pass,4067
323,323,PAR 64,2026-12-08,Pass,4067
320,320,PAR 64,2026-12-08,Pass,4067
353,353,PAR 64,2026-12-08,Pass,4067
975,975,PAR 56,2026-12-08,Pass,4067
291,291,PAR 64,2026-12-08,Pass,4067
286,286,PAR 64,2026-12-08,Pass,4067
242,242,PAR 64,2026-12-08,Pass,4067
300,300,PAR 64,2026-12-08,Pass,4067
322,322,PAR 64,2026-12-08,Pass,4067
282,282,PAR 64,2026-17-12,Pass,4067
254,254,PAR 64,2026-12-08,Pass,4067
354,354,PAR 64,2026-12-08,Pass,4067
267,267,PAR 64,2026-12-08,Pass,4067
972,972,PAR 56,2026-12-08,Pass,4067
276,276,PAR 64,2026-12-08,Pass,4067
328,328,PAR 64,2026-12-08,Pass,4067
296,296,PAR 64,2026-12-08,Pass,4067
336,336,PAR 64,2026-12-08,Pass,4067
347,347,PAR 64,2026-12-08,Pass,4067
976,976,PAR 56,2026-12-08,Pass,4067
281,281,PAR 64,2026-12-08,Pass,4067
2031,2031,16A TRS - 2m,2026-12-08,Pass,4067
1466,1466,16A TRS - 3m,2026-12-08,Pass,4067
1945,1945,16A TRS - 3m,2026-12-08,Pass,4067
1679,1679,16A TRS - 1m,2026-12-08,Pass,4067
1692,1692,16A TRS - 1m,2026-12-08,Pass,4067
1603,1603,16A TRS - 1m,2026-12-08,Pass,4067
1899,1899,16A TRS - 1m,2026-12-08,Pass,4067
2086,2086,16A TRS - 20m,2026-13-08,Pass,4067
1512,1512,16A TRS - 20m,2026-13-08,Pass,4067
2883,2883,16A TRS - 20m,2027-13-01,Pass,4067
260,260,PAR 64,2026-13-08,Pass,4067
344,344,PAR 64,2026-13-08,Pass,4067
335,335,PAR 64,2026-13-08,Pass,4067
295,295,PAR 64,2026-13-08,Pass,4067
301,301,PAR 64,2026-13-08,Pass,4067
257,257,PAR 64,2027-12-02,Pass,4067
313,313,PAR 64,2026-13-08,Pass,4067
306,306,PAR 64,2026-13-08,Pass,4067
356,356,PAR 64,2026-13-08,Pass,4067
297,297,PAR 64,2027-12-02,Pass,4067
312,312,PAR 64,2026-13-08,Pass,4067
285,285,PAR 64,2026-13-08,Pass,4067
252,252,PAR 64,2026-13-08,Pass,4067
4417,4417,16A > POWERCON ADAPTER,2026-13-08,Pass,4067
250,250,PAR 64,2026-13-08,Pass,4067
310,310,PAR 64,2026-13-08,Pass,4067
343,343,PAR 64,2026-13-08,Pass,4067
245,245,PAR 64,2026-13-08,Pass,4067
340,340,PAR 64,2026-13-08,Pass,4067
304,304,PAR 64,2026-13-08,Pass,4067
241,241,PAR 64,2026-13-08,Pass,4067
318,318,PAR 64,2026-13-08,Pass,4067
326,326,PAR 64,2026-13-08,Pass,4067
333,333,PAR 64,2026-13-08,Pass,4067
324,324,PAR 64,2026-13-08,Pass,4067
243,243,PAR 64,2026-13-08,Pass,4067
309,309,PAR 64,2026-13-08,Pass,4067
325,325,PAR 64,2026-13-08,Pass,4067
341,341,PAR 64,2026-13-08,Pass,4067
338,338,PAR 64,2026-13-08,Pass,4067
337,337,PAR 64,2026-13-08,Pass,4067
290,290,PAR 64,2026-13-08,Pass,4067
3951,3951,CCT SIL 15-32,2026-13-08,Pass,4068
973,973,PAR 56,2026-13-08,Pass,4067
948,948,ETC SOURCE 4 PAR,2026-13-08,Pass,4067
979,979,ETC SOURCE 4 PAR,2026-13-08,Pass,4067
984,984,ETC SOURCE 4 PAR,2026-13-08,Pass,4067
480,480,ETC SOURCE 4 - 26,2026-13-08,Pass,4067
542,542,ETC SOURCE 4 - 26,2026-13-08,Pass,4067
4890,4890,ETC COLORSOURCE SPOT V,2026-13-08,Pass,4067
594,594,ETC SOURCE 4 - 26,2026-13-08,Pass,4067
558,558,ETC SOURCE 4 - 36,2026-13-08,Pass,4067
983,983,ETC SOURCE 4 PAR,2026-13-08,Pass,4067
484,484,ETC SOURCE 4 - 26,2026-13-08,Pass,4067
487,487,ETC SOURCE 4 - 26,2026-13-08,Pass,4067
535,535,ETC SOURCE 4 - 26,2026-13-08,Pass,4067
461,461,ETC SOURCE 4 - 19,2026-13-08,Pass,4067
476,476,ETC SOURCE 4 - 26,2026-13-08,Pass,4067
352,352,PAR 64,2026-13-08,Pass,4067
463,463,ETC SOURCE 4 - 19,2026-13-08,Pass,4067
272,272,PAR 64,2026-13-08,Pass,4067
543,543,ETC SOURCE 4 - 26,2026-13-08,Pass,4067
541,541,ETC SOURCE 4 - 26,2026-13-08,Pass,4067
572,572,CCT STARLETTE 1K FRESNEL,2026-13-08,Pass,4068
500,500,ETC SOURCE 4 - 36,2026-13-08,Pass,4067
502,502,ETC SOURCE 4 - 36,2026-13-08,Pass,4067
458,458,ETC SOURCE 4 - 26,2026-13-08,Pass,4067
2544,2544,16A > IEC ADAPTER,2026-13-08,Pass,4067
557,557,ETC SOURCE 4 - 36,2026-13-08,Pass,4067
559,559,ETC SOURCE 4 - 36,2026-13-08,Pass,4067
489,489,ETC SOURCE 4 - 26,2026-13-08,Pass,4067
5266,5266,TRUCON EXTENSION - 1m,2026-13-08,Pass,4067
490,490,ETC SOURCE 4 - 26,2026-13-08,Pass,4067
501,501,ETC SOURCE 4 - 36,2026-13-08,Pass,4067
497,497,ETC SOURCE 4 - 36,2026-13-08,Pass,4067
606,606,ETC SOURCE 4 - 36,2026-13-08,Pass,4067
4972,4972,TRUCON EXTENSION - 1m,2026-13-08,Pass,4067
4970,4970,TRUCON EXTENSION - 1m,2026-13-08,Pass,4067
3125,3125,13A EXTENSION,2026-13-08,Pass,4067
482,482,ETC SOURCE 4 - 26,2026-13-08,Pass,4067
475,475,ETC SOURCE 4 - 26,2026-13-08,Pass,4067
548,548,ETC SOURCE 4 - 26,2026-13-08,Pass,4067
486,486,ETC SOURCE 4 - 26,2026-13-08,Pass,4067
493,493,ETC SOURCE 4 - 36,2026-13-08,Pass,4067
481,481,ETC SOURCE 4 - 26,2026-13-08,Pass,4067
494,494,ETC SOURCE 4 - 36,2026-13-08,Pass,4067
488,488,ETC SOURCE 4 - 26,2026-13-08,Pass,4067
538,538,ETC SOURCE 4 - 36,2026-13-08,Pass,4067
503,503,ETC SOURCE 4 - 36,2026-13-08,Pass,4067
462,462,ETC SOURCE 4 - 19,2026-13-08,Pass,4067
358,358,ETC SOURCE 4 - 26,2027-12-02,Pass,4067
918,918,ETC SOURCE 4 - 19,2026-13-08,Pass,4067
545,545,ETC SOURCE 4 - 19,2026-13-08,Pass,4067
982,982,ETC SOURCE 4 PAR,2026-13-08,Pass,4067
764,764,ETC SOURCE 4 PAR,2026-13-08,Pass,4067
980,980,ETC SOURCE 4 PAR,2026-13-08,Pass,4067
782,782,THOMAS FLOOD 1 CELL,2026-14-08,Pass,4067
785,785,THOMAS FLOOD 1 CELL,2026-13-08,Pass,4067
777,777,THOMAS FLOOD 1 CELL,2026-13-08,Pass,4067
776,776,THOMAS FLOOD 1 CELL,2026-13-08,Pass,4067
960,960,THOMAS FLOOD 1 CELL,2026-14-08,Pass,4067
516,516,ETC SOURCE 4 ZOOM 15-30,2026-13-08,Pass,4067
511,511,ETC SOURCE 4 ZOOM 15-30,2026-13-08,Pass,4067
520,520,ETC SOURCE 4 ZOOM 15-30,2026-13-08,Pass,4067
522,522,ETC SOURCE 4 ZOOM 15-30,2026-13-08,Pass,4067
3254,3254,ETC SOURCE 4 ZOOM 15-30,2026-13-08,Pass,4067
519,519,ETC SOURCE 4 ZOOM 15-30,2026-13-08,Pass,4067
515,515,ETC SOURCE 4 ZOOM 15-30,2026-13-08,Pass,4067
509,509,ETC SOURCE 4 ZOOM 15-30,2026-13-08,Pass,4067
3219,3219,ETC SOURCE 4 ZOOM 25-50,2026-13-08,Pass,4067
783,783,THOMAS FLOOD 1 CELL,2026-13-08,Pass,4067
684,684,ETC SOURCE 4 ZOOM 25-50,2026-13-08,Pass,4067
959,959,THOMAS FLOOD 1 CELL,2026-13-08,Pass,4067
472,472,ETC SOURCE 4 ZOOM 25-50,2026-13-08,Pass,4067
492,492,ETC SOURCE 4 - 36,2026-13-08,Pass,4067
510,510,ETC SOURCE 4 ZOOM 15-30,2026-13-08,Pass,4067
513,513,ETC SOURCE 4 ZOOM 15-30,2026-13-08,Pass,4067
523,523,ETC SOURCE 4 ZOOM 15-30,2026-13-08,Pass,4067
471,471,ETC SOURCE 4 ZOOM 25-50,2026-13-08,Pass,4067
361,361,ETC SOURCE 4 ZOOM 25-50,2026-13-08,Pass,4067
945,945,ETC SOURCE 4 PAR,2026-14-08,Pass,4067
926,926,THOMAS FLOOD 1 CELL,2026-14-08,Pass,4067
521,521,ETC SOURCE 4 ZOOM 15-30,2026-14-08,Pass,4067
360,360,ETC SOURCE 4 ZOOM 25-50,2026-14-08,Pass,4067
362,362,ETC SOURCE 4 ZOOM 25-50,2026-14-08,Pass,4067
977,977,ETC SOURCE 4 PAR,2026-14-08,Pass,4067
946,946,ETC SOURCE 4 PAR,2026-14-08,Pass,4067
512,512,ETC SOURCE 4 ZOOM 15-30,2026-14-08,Pass,4067
508,508,ETC SOURCE 4 ZOOM 15-30,2026-14-08,Pass,4067
524,524,ETC SOURCE 4 ZOOM 15-30,2026-14-08,Pass,4067
686,686,ETC SOURCE 4 ZOOM 25-50,2026-14-08,Pass,4067
3214,3214,ETC SOURCE 4 ZOOM 25-50,2026-14-08,Pass,4067
981,981,ETC SOURCE 4 PAR,2026-14-08,Pass,4067
978,978,ETC SOURCE 4 PAR,2026-14-08,Pass,4067
765,765,ETC SOURCE 4 PAR,2026-14-08,Pass,4067
611,611,STRAND PATT 743,2026-14-08,Pass,4067
5012,5012,ETC SOURCE 4 - 10,2026-14-08,Pass,4067
916,916,ETC SOURCE 4 - 10,2026-14-08,Pass,4067
560,560,STRAND PATT 743,2026-14-08,Pass,4067
585,585,STRAND PATT 743,2026-14-08,Pass,4067
0,0,UnknownMONTY EX DMX,2027-16-01,Pass,0
609,609,STRAND PATT 743,2026-14-08,Pass,4067
586,586,STRAND PATT 743,2026-14-08,Pass,4067
704,704,STRAND PATT 743,2026-14-08,Pass,4067
613,613,STRAND PATT 743,2026-14-08,Pass,4067
563,563,STRAND PATT 743,2026-14-08,Pass,4067
562,562,STRAND PATT 743,2026-14-08,Pass,4067
702,702,STRAND PATT 743,2026-14-08,Pass,4067
518,518,ETC SOURCE 4 ZOOM 15-30,2026-14-08,Pass,4067
583,583,STRAND PATT 743,2026-14-08,Pass,4067
622,622,STRAND PATT 123,2026-14-08,Pass,4067
5011,5011,ETC SOURCE 4 - 36,2026-14-08,Pass,4067
505,505,ETC SOURCE 4 - 10,2026-14-08,Pass,4067
556,556,ETC SOURCE 4 - 10,2026-14-08,Pass,4067
359,359,ETC SOURCE 4 ZOOM 25-50,2026-14-08,Pass,4067
4930,4930,ETC COLORSOURCE SPOT V,2026-14-08,Pass,4067
4917,4917,ETC COLORSOURCE SPOT V,2026-14-08,Pass,4067
4926,4926,ETC COLORSOURCE SPOT V,2026-14-08,Pass,4067
621,621,STRAND PATT 123,2026-14-08,Pass,4067
696,696,STRAND PATT 23,2026-14-08,Pass,4067
623,623,STRAND PATT 123,2026-14-08,Pass,4067
700,700,STRAND PATT 23,2026-14-08,Pass,4067
618,618,STRAND PATT 123,2026-14-08,Pass,4067
620,620,STRAND PATT 123,2026-14-08,Pass,4067
587,587,STRAND PATT 243,2026-14-08,Pass,4067
705,705,STRAND PATT 123,2026-14-08,Pass,4067
616,616,STRAND PATT 123,2026-14-08,Pass,4067
699,699,STRAND PATT 23,2026-14-08,Pass,4067
506,506,STRAND BEAM LIGHT,2026-14-08,Pass,4067
863,863,STRAND PATT 23,2026-14-08,Pass,4067
593,593,STRAND PATT 243,2026-14-08,Pass,4067
592,592,STRAND PATT 243,2026-14-08,Pass,4067
697,697,STRAND PATT 23,2026-14-08,Pass,4067
595,595,STRAND PATT 243,2026-14-08,Pass,4067
591,591,STRAND PATT 243,2026-14-08,Pass,4067
507,507,STRAND BEAM LIGHT,2026-14-08,Pass,4067
588,588,STRAND PATT 243,2026-14-08,Pass,4067
619,619,STRAND PATT 123,2026-14-08,Pass,4067
589,589,STRAND PATT 243,2026-14-08,Pass,4067
617,617,STRAND PATT 123,2026-14-08,Pass,4067
466,466,ETC SOURCE 4 - 19,2026-14-08,Pass,4067
4916,4916,ETC COLORSOURCE SPOT V,2026-14-08,Pass,4067
4887,4887,ETC COLORSOURCE SPOT V,2026-14-08,Pass,4067
4937,4937,ETC COLORSOURCE SPOT V,2026-14-08,Pass,4067
4924,4924,ETC COLORSOURCE SPOT V,2026-14-08,Pass,4067
756,756,Unknownpar bar,2026-14-08,Pass,4067
4919,4919,ETC COLORSOURCE SPOT V,2026-15-08,Pass,4067
4938,4938,ETC COLORSOURCE SPOT V,2026-15-08,Pass,4067
4922,4922,ETC COLORSOURCE SPOT V,2026-15-08,Pass,4067
4915,4915,ETC COLORSOURCE SPOT V,2026-15-08,Pass,4067
3551,3551,500W SUN FLOOD,2026-15-08,Pass,4067
4931,4931,ETC COLORSOURCE SPOT V,2026-15-08,Pass,4067
4936,4936,ETC COLORSOURCE SPOT V,2026-15-08,Pass,4067
4928,4928,ETC COLORSOURCE SPOT V,2026-15-08,Pass,4067
4900,4900,ETC COLORSOURCE SPOT V,2026-15-08,Pass,4067
4894,4894,ETC COLORSOURCE SPOT V,2026-15-08,Pass,4067
4913,4913,ETC COLORSOURCE SPOT V,2026-15-08,Pass,4067
4885,4885,ETC COLORSOURCE SPOT V,2026-15-08,Pass,4067
4891,4891,ETC COLORSOURCE SPOT V,2026-15-08,Pass,4067
4892,4892,ETC COLORSOURCE SPOT V,2026-15-08,Pass,4067
4897,4897,ETC COLORSOURCE SPOT V,2026-15-08,Pass,4067
4905,4905,ETC COLORSOURCE SPOT V,2026-15-08,Pass,4067
4925,4925,ETC COLORSOURCE SPOT V,2026-15-08,Pass,4067
4904,4904,ETC COLORSOURCE SPOT V,2026-15-08,Pass,4067
4927,4927,ETC COLORSOURCE SPOT V,2026-15-08,Pass,4067
4920,4920,ETC COLORSOURCE SPOT V,2026-15-08,Pass,4067
4898,4898,ETC COLORSOURCE SPOT V,2026-15-08,Pass,4067
4935,4935,ETC COLORSOURCE SPOT V,2026-15-08,Pass,4067
4918,4918,ETC COLORSOURCE SPOT V,2026-15-08,Pass,4067
4934,4934,ETC COLORSOURCE SPOT V,2026-15-08,Pass,4067
4910,4910,ETC COLORSOURCE SPOT V,2026-15-08,Pass,4067
4889,4889,ETC COLORSOURCE SPOT V,2026-15-08,Pass,4067
4886,4886,ETC COLORSOURCE SPOT V,2026-15-08,Pass,4067
4888,4888,ETC COLORSOURCE SPOT V,2026-15-08,Pass,4067
4933,4933,ETC COLORSOURCE SPOT V,2026-15-08,Pass,4067
4929,4929,ETC COLORSOURCE SPOT V,2026-15-08,Pass,4067
4895,4895,ETC COLORSOURCE SPOT V,2026-15-08,Pass,4067
4914,4914,ETC COLORSOURCE SPOT V,2026-15-08,Pass,4067
4923,4923,ETC COLORSOURCE SPOT V,2026-15-08,Pass,4067
4909,4909,ETC COLORSOURCE SPOT V,2026-15-08,Pass,4067
4899,4899,ETC COLORSOURCE SPOT V,2026-15-08,Pass,4067
4912,4912,ETC COLORSOURCE SPOT V,2026-15-08,Pass,4067
4901,4901,ETC COLORSOURCE SPOT V,2026-15-08,Pass,4067
4907,4907,ETC COLORSOURCE SPOT V,2026-15-08,Pass,4067
4911,4911,ETC COLORSOURCE SPOT V,2026-15-08,Pass,4067
4906,4906,ETC COLORSOURCE SPOT V,2026-15-08,Pass,4067
4902,4902,ETC COLORSOURCE SPOT V,2026-15-08,Pass,4067
4908,4908,ETC COLORSOURCE SPOT V,2026-15-08,Pass,4067
4896,4896,ETC COLORSOURCE SPOT V,2026-15-08,Pass,4067
4893,4893,ETC COLORSOURCE SPOT V,2026-15-08,Pass,4067
4903,4903,ETC COLORSOURCE SPOT V,2026-15-08,Pass,4067
4921,4921,ETC COLORSOURCE SPOT V,2026-15-08,Pass,4067
4932,4932,ETC COLORSOURCE SPOT V,2026-15-08,Pass,4067
3051,3051,16A SPLITTER,2026-15-08,Pass,4067
4090,4090,16A TRS - 5m,2026-15-08,Pass,4067
1635,1635,16A TRS - 2m,2026-15-08,Pass,4067
2042,2042,16A TRS - 5m,2026-15-08,Pass,4067
2438,2438,16A TRS - 15m,2026-15-08,Pass,4067
1647,1647,13A > 16A ADAPTER,2026-15-08,Pass,4067
4802,4802,13A > 16A ADAPTER,2026-15-08,Pass,4067
3110,3110,13A EXTENSION,2026-15-08,Pass,4067
4939,4939,ETC COLORSOURCE SPOT V,2026-15-08,Pass,4067
4524,4524,PROLIGHT STUDIO COB,2026-15-08,Pass,4067
4523,4523,PROLIGHT STUDIO COB,2026-15-08,Pass,4067
4529,4529,PROLIGHT STUDIO COB,2026-15-08,Pass,4067
4522,4522,PROLIGHT STUDIO COB,2026-15-08,Pass,4067
4526,4526,PROLIGHT STUDIO COB,2026-15-08,Pass,4067
4531,4531,PROLIGHT STUDIO COB,2026-15-08,Pass,4067
4527,4527,PROLIGHT STUDIO COB,2026-15-08,Pass,4067
4528,4528,PROLIGHT STUDIO COB,2026-15-08,Pass,4067
4530,4530,PROLIGHT STUDIO COB,2026-15-08,Pass,4067
3950,3950,STRAND PATT 123,2026-15-08,Pass,4067
801,801,BIRDIE - 240 V,2026-15-08,Pass,4067
3290,3290,BIRDIE - 240 V,2026-15-08,Pass,4067
809,809,BIRDIE - 240 V,2026-15-08,Pass,4067
805,805,BIRDIE - 240 V,2026-15-08,Pass,4067
3952,3952,BIRDIE - 240 V,2026-15-08,Pass,4067
3293,3293,BIRDIE - 240 V,2026-15-08,Pass,4067
753,753,AERO 4- WAY BATTEN,2026-15-08,Pass,4067
758,758,AERO 4- WAY BATTEN,2026-15-08,Pass,4067
787,787,AERO 4- WAY BATTEN,2026-15-08,Pass,4067
754,754,AERO 4- WAY BATTEN,2026-15-08,Pass,4067
757,757,AERO 4- WAY BATTEN,2026-15-08,Pass,4067
755,755,AERO 4- WAY BATTEN,2026-15-08,Pass,4067
786,786,AERO 4- WAY BATTEN,2026-15-08,Pass,4067
4711,4711,IEC CABLE,2026-15-08,Pass,4067
4766,4766,IEC CABLE,2026-15-08,Pass,4067
4257,4257,IEC CABLE,2026-15-08,Pass,4067
4282,4282,IEC CABLE,2026-15-08,Pass,4067
4591,4591,IEC CABLE,2026-15-08,Pass,4067
4258,4258,IEC CABLE,2026-15-08,Pass,4067
4276,4276,IEC CABLE,2026-15-08,Pass,4067
4389,4389,IEC SPLITTER,2026-15-08,Pass,4067
1278,1278,16A IEC CABLE,2026-15-08,Pass,4067
4772,4772,16A IEC CABLE,2026-15-08,Pass,4067
4248,4248,IEC SPLITTER,2026-15-08,Pass,4067
4253,4253,IEC SPLITTER,2026-15-08,Pass,4067
5274,5274,13A > IEC JUMPER,2026-15-08,Pass,4067
3111,3111,13A EXTENSION,2026-15-08,Pass,4067
3126,3126,13A EXTENSION,2026-15-08,Pass,4067
355,355,PAR 64,2026-15-08,Pass,4067
818,818,500W SUN FLOOD,2026-18-08,Pass,4067
2041,2041,16A TRS - 1m,2026-18-08,Pass,4067
1712,1712,16A TRS - 5m,2026-18-08,Pass,4067
1871,1871,16A TRS - 20m,2026-18-08,Pass,4067
1458,1458,16A TRS - 5m,2026-18-08,Pass,4067
4119,4119,16A > 13A ADAPTER,2026-18-08,Pass,4067
4186,4186,16A > 13A ADAPTER,2026-18-08,Pass,4067
3502,3502,FOLLOWSPOT BALLAST,2026-18-08,Pass,4067
3501,3501,LED PAR CAN,2026-22-08,Pass,4067
4032,4032,MONITOR,2026-18-08,Pass,4067
4031,4031,MONITOR,2026-18-08,Pass,4067
4030,4030,MONITOR,2026-18-08,Pass,4067
10801,10801,Unknown,2026-18-08,Pass,4067
4038,4038,Unknown,2026-20-08,Pass,4067
937,937,ATOMIC STROBE,2026-21-08,Pass,4067
970,970,ATOMIC STROBE,2026-21-08,Pass,4067
2552,2552,JEM AF1,2026-21-08,Pass,4067
3716,3716,JEM AF1,2026-21-08,Pass,4067
4559,4559,LE MAITRE MVS HAZER,2026-21-08,Pass,4067
993,993,JEM AF1,2026-21-08,Pass,4067
3494,3494,ATOMIC STROBE,2026-21-08,Pass,4067
3495,3495,ATOMIC STROBE,2026-21-08,Pass,4067
3284,3284,SMOKE MACHINE,2026-21-08,Pass,4067
4613,4613,SMOKE MACHINE,2026-21-08,Pass,4067
2567,2567,SMOKE MACHINE,2026-21-08,Pass,4067
2565,2565,SMOKE MACHINE,2026-21-08,Pass,4067
816,816,SMOKE MACHINE,2026-21-08,Pass,4067
3064,3064,UV LIGHT,2026-21-08,Pass,4067
3991,3991,LED BIRDIE,2026-21-08,Pass,4067
3992,3992,LED BIRDIE,2026-21-08,Pass,4067
3984,3984,LED BIRDIE,2026-21-08,Pass,4067
3986,3986,LED BIRDIE,2026-21-08,Pass,4067
3990,3990,Unknown,2026-21-08,Pass,4067
3985,3985,SMOKE MACHINE,2026-21-08,Pass,4067
3987,3987,Unknown,2026-21-08,Pass,4067
3988,3988,SMOKE MACHINE,2026-21-08,Pass,4067
3989,3989,SMOKE MACHINE,2026-21-08,Pass,4067
4614,4614,MIRRORBALL ROTATOR,2026-21-08,Pass,4067
5323,5323,MIRRORBALL ROTATOR,2026-21-08,Pass,4067
3373,3373,MIRRORBALL ROTATOR,2026-21-08,Pass,4067
3374,3374,SUNSTRIP,2026-21-08,Pass,4067
4536,4536,SUNSTRIP,2026-21-08,Pass,4067
1527,1527,16A TRS - 10m,2026-21-08,Pass,4067
2560,2560,16A TRS - 10m,2026-21-08,Pass,4067
3375,3375,SUNSTRIP,2026-21-08,Pass,4067
2563,2563,LED BIRDIE,2026-21-08,Pass,4067
4691,4691,SUNSTRIP,2026-21-08,Pass,4067
4545,4545,SUNSTRIP,2026-21-08,Pass,4067
4546,4546,SUNSTRIP,2026-21-08,Pass,4067
4548,4548,Unknown,2026-21-08,Pass,4067
4533,4533,SUNSTRIP,2026-21-08,Pass,4067
4534,4534,Unknown,2026-21-08,Pass,4067
4535,4535,SUNSTRIP,2026-21-08,Pass,4067
4532,4532,SUNSTRIP,2026-21-08,Pass,4067
4612,4612,SUNSTRIP,2026-21-08,Pass,4067
4543,4543,Unknown,2026-21-08,Pass,4067
2561,2561,LED BIRDIE,2026-21-08,Pass,4067
4544,4544,SUNSTRIP,2026-22-08,Pass,4067
3073,3073,AXIAL FAN,2026-22-08,Pass,4067
3955,3955,AXIAL FAN,2026-22-08,Pass,4067
3960,3960,AXIAL FAN,2026-22-08,Pass,4067
1529,1529,LED BIRDIE,2026-22-08,Pass,4067
2562,2562,LED BIRDIE,2026-22-08,Pass,4067
4042,4042,Unknown,2026-22-08,Pass,4067
3071,3071,AXIAL FAN,2026-22-08,Pass,4067
3072,3072,AXIAL FAN,2026-22-08,Pass,4067
2856,2856,32A > 16A RUBBER BOX,2026-22-08,Pass,4067
3006,3006,32A > 16A RUBBER BOX,2026-22-08,Pass,4067
2857,2857,32A > 16A RUBBER BOX,2026-22-08,Pass,4067
2310,2310,32A > 16A RUBBER BOX,2026-22-08,Pass,4067
2024,2024,SOCA SPLITTER BOX,2026-22-08,Pass,4067
1818,1818,SOCA SPLITTER BOX,2026-22-08,Pass,4067
3005,3005,SOCA SPLITTER BOX,2026-22-08,Pass,4067
1819,1819,SOCA SPLITTER BOX,2026-22-08,Pass,4067
3286,3286,SCROLLER PSU,2026-22-08,Pass,4067
4014,4014,DMX SPLITTER,2026-22-08,Pass,4067
718,718,SCROLLER PSU,2026-22-08,Pass,4067
770,770,SCROLLER PSU,2026-22-08,Pass,4067
719,719,SCROLLER PSU,2026-22-08,Pass,4067
717,717,SCROLLER PSU,2026-22-08,Pass,4067
769,769,SCROLLER PSU,2026-22-08,Pass,4067
2839,2839,SCROLLER PSU,2026-22-08,Pass,4067
943,943,SCROLLER PSU,2026-22-08,Pass,4067
2840,2840,SCROLLER PSU,2026-22-08,Pass,4067
938,938,DATAFLASH STROBE,2026-22-08,Pass,4067
971,971,DATAFLASH STROBE,2026-22-08,Pass,4067
768,768,SCROLLER PSU,2026-22-08,Pass,4067
2554,2554,MIRRORBALL ROTATOR,2026-22-08,Pass,4067
2551,2551,UNIQUE HAZE MACHINE,2026-22-08,Pass,4067
2550,2550,Unknown,2026-22-08,Pass,4067
3497,3497,BLINDER,2026-22-08,Pass,4067
3496,3496,BLINDER,2026-22-08,Pass,4067
3972,3972,LED PAR CAN,2026-22-08,Pass,4067
3485,3485,LED PAR CAN,2026-22-08,Pass,4067
3505,3505,LED PAR CAN,2026-22-08,Pass,4067
3974,3974,LED PAR CAN,2026-22-08,Pass,4067
3488,3488,LED PAR CAN,2026-22-08,Pass,4067
3963,3963,LED PAR CAN,2026-22-08,Pass,4067
3487,3487,LED PAR CAN,2026-22-08,Pass,4067
3379,3379,LED PAR CAN,2026-22-08,Pass,4067
3285,3285,BUBBLE MACHINE,2026-22-08,Pass,4067
3377,3377,BUBBLE MACHINE,2026-22-08,Pass,4067
3791,3791,LED FLOOD,2026-22-08,Pass,4067
2556,2556,MIRRORBALL ROTATOR,2026-22-08,Pass,4067
5319,5319,POWER SUPPLY,2026-27-08,Pass,4067
4642,4642,POWER SUPPLY,2026-27-08,Pass,4067
5324,5324,POWER SUPPLY,2026-27-08,Pass,4067
4803,4803,16A TRS - 5m,2026-27-08,Pass,4067
5320,5320,POWER SUPPLY,2026-27-08,Pass,4067
5325,5325,POWER SUPPLY,2026-27-08,Pass,4067
5326,5326,POWER SUPPLY,2026-27-08,Pass,4067
5321,5321,16A IEC CABLE,2026-29-08,Pass,4067
5327,5327,13A > IEC JUMPER,2026-27-09,Pass,4067
5328,5328,13A > IEC JUMPER,2026-27-09,Pass,4067
5329,5329,13A > IEC JUMPER,2026-27-09,Pass,4067
5273,5273,15A > 16A ADAPTER,2026-30-09,Pass,4067
2822,2822,13A EXTENSION,2026-30-09,Pass,4067
2340,2340,16A > 13A ADAPTER,2026-30-09,Pass,4067
2426,2426,16A > IEC ADAPTER,2026-30-09,Pass,4067
3146,3146,IEC CABLE,2026-30-09,Pass,4067
5275,5275,15A TRS - 15m,2026-30-09,Pass,4067
3662,3662,13A EXTENSION,2026-01-10,Pass,4067
5276,5276,13A > IEC JUMPER,2026-01-10,Pass,4067
576,576,CCT STARLETTE 1K FRESNEL,2026-01-10,Pass,4067
5277,5277,13A > IEC JUMPER,2026-01-10,Pass,4067
298,298,PAR 64,2026-17-12,Pass,4067
9028,9028,16A > TRUCON ADAPTER,2026-03-10,Pass,4067
2637,2637,IEC > 16A adapter ,2026-03-10,Pass,4067
9125,9125,15A > TRUCON ADAPTER,2026-30-10,Pass,4066
5042,5042,15A > 16A ADAPTER,2026-31-10,Pass,4066
4643,4643,16A > IEC ADAPTER,2027-22-01,Pass,4071
4319,4319,13A EXTENSION,2026-05-11,Pass,4067
1980,1980,Unknown,2026-29-11,Pass,4067
1693,1693,Unknown,2026-29-11,Pass,4067
2917,2917,INSPECTION LAMP,2027-16-01,Pass,4067
4788,4788,INSPECTION LAMP,2027-16-01,Pass,4067
2919,2919,INSPECTION LAMP,2027-16-01,Pass,4067
2914,2914,INSPECTION LAMP,2027-16-01,Pass,4067
2722,2722,INSPECTION LAMP,2027-16-01,Pass,4067
2915,2915,INSPECTION LAMP,2027-16-01,Pass,4067
2721,2721,INSPECTION LAMP,2027-16-01,Pass,4067
2547,2547,INSPECTION LAMP,2027-16-01,Pass,4067
2918,2918,INSPECTION LAMP,2027-16-01,Pass,4067
2549,2549,INSPECTION LAMP,2027-16-01,Pass,4067
4645,4645,13A > 110 V,2027-22-01,Pass,4071
4646,4646,TRUCON > IEC,2027-22-01,Pass,4071
2890,2890,13A > 32A ADAPTER,2027-22-01,Pass,4071
2889,2889,32A > IEC ADAPTER,2027-22-01,Pass,4071
5336,5336,13A > 16A ADAPTER,2027-22-01,Pass,4071
5331,5331,13A > 15A ADAPTER,2027-22-01,Pass,4071
1214,1214,15A > IEC ADAPTER,2027-22-01,Pass,4071
4650,4650,13A > TRUCON ADAPTER,2027-22-01,Pass,4071
5330,5330,TRUCON > IEC,2027-22-01,Pass,4071
5335,5335,13A > Klik,2027-22-01,Pass,4071
5332,5332,Klik > IEC,2027-22-01,Pass,4071
1215,1215,13A IEC CABLE,2027-22-01,Pass,4071
4998,4998,13A > POWERCON,2027-22-01,Pass,4071
5333,5333,PowerCon > 110V,2027-22-01,Pass,4071
5337,5337,16A > 13A ADAPTER,2027-22-01,Pass,4071
5334,5334,110V > 13A,2027-22-01,Pass,4071
1218,1218,15A > 13A ADAPTER,2027-22-01,Pass,4071
5338,5338,13A > POWERCON,2027-23-01,Pass,4071
4204,4204,PowerCon > IEC,2027-23-01,Pass,4071
4647,4647,13A > SOCA SPIDER,2027-23-01,Pass,4071
4648,4648,SOCA > IEC SPIDER,2027-23-01,Pass,4071
2513,2513,13A > 15A ADAPTER,2027-27-01,Pass,4066
2776,2776,13A EXTENSION REEL,2027-27-01,Pass,4066
3234,3234,13A EXTENSION,2027-27-01,Pass,4066
865,865,PAR 64,2027-07-02,Pass,4066
2933,2933,15A > 13A ADAPTER,2027-07-02,Pass,4066
4658,4658,15A > IEC ADAPTER,2027-07-02,Pass,4066
1223,1223,15A > 13A ADAPTER,2027-07-02,Pass,4066
2519,2519,13A > 16A ADAPTER,2027-07-02,Pass,4066
5030,5030,13A > IEC JUMPER,2027-07-02,Pass,4066
317,317,PAR 64,2027-12-02,Pass,4067
4212,4212,13A > IEC JUMPER,2027-19-02,Pass,4067
5431,5431,13A EXTENSION CABLE 4-WAY,2027-19-02,Pass,4073
422,422,CCT STARLETTE 2K FRESNEL,2027-19-02,Pass,4068
5342,5342,16A TRS - 1m,2027-21-02,Pass,4073
5347,5347,15A > 13A ADAPTER,2027-21-02,Pass,4073
5343,5343,15A > 13A ADAPTER,2027-21-02,Pass,4073
5344,5344,15A > 13A ADAPTER,2027-21-02,Pass,4073
5348,5348,15A > 13A ADAPTER,2027-21-02,Pass,4073
5341,5341,15A > 13A ADAPTER,2027-21-02,Pass,4073
2329,2329,16A TRS - 3m,2027-21-02,Pass,4073
5349,5349,16A > POWERCON ADAPTER,2027-21-02,Pass,4073
5345,5345,16A > POWERCON ADAPTER,2027-21-02,Pass,4073
2679,2679,15A TRS - 3m,2027-21-02,Pass,4073
2680,2680,Unknown5kw,2027-23-02,Pass,4067
4486,4486,13A EXTENSION,2027-25-02,Pass,4066
280,280,Unknownliving air f,2027-05-03,Pass,4068
